{"min": [-0.847037, -0.478321, -0.324553], "max": [0.849768, 0.447209, 0.403338]}