{"min": [-0.549473, -0.70633, -0.533069], "max": [0.553458, 0.68318, 0.627306]}